{"cameraMode":{"drawMode":0,"name":"Shaded","section":"Shading Mode"},"sceneLighting":true,"audioPlay":false,"sceneViewState":{"showFog":false,"showMaterialUpdate":false,"showSkybox":false,"showFlares":false,"showImageEffects":false,"showParticleSystems":false},"in2DMode":false,"pivot":{"x":-6.836801052093506,"y":1.3858729600906373,"z":-1.5627241134643555},"rotation":{"x":0.02294999361038208,"y":-0.9765816330909729,"z":0.16501659154891969,"w":0.13612954318523408},"size":1.0745723247528077,"orthographic":false}