{"cameraMode":{"drawMode":0,"name":"Shaded","section":"Shading Mode"},"sceneLighting":false,"audioPlay":false,"sceneViewState":{"showFog":true,"showMaterialUpdate":true,"showSkybox":true,"showFlares":true,"showImageEffects":true,"showParticleSystems":true},"in2DMode":false,"pivot":{"x":-2.810488700866699,"y":1.9472198486328126,"z":2.212855815887451},"rotation":{"x":-0.25746607780456545,"y":0.29479366540908816,"z":-0.08285117894411087,"w":-0.9164844155311585},"size":8.119690895080567,"orthographic":false}