{"cameraMode":{"drawMode":0,"name":"Shaded","section":"Shading Mode"},"sceneLighting":false,"audioPlay":false,"sceneViewState":{"showFog":false,"showMaterialUpdate":false,"showSkybox":false,"showFlares":false,"showImageEffects":false,"showParticleSystems":false},"in2DMode":false,"pivot":{"x":8.737468719482422,"y":1.13005793094635,"z":-0.47992199659347536},"rotation":{"x":-0.07497105747461319,"y":-0.5617315173149109,"z":0.051153410226106647,"w":-0.8223261833190918},"size":6.7707200050354,"orthographic":false}