{"cameraMode":{"drawMode":0,"name":"Shaded","section":"Shading Mode"},"sceneLighting":false,"audioPlay":false,"sceneViewState":{"showFog":false,"showMaterialUpdate":false,"showSkybox":false,"showFlares":false,"showImageEffects":false,"showParticleSystems":false},"in2DMode":false,"pivot":{"x":-9.408610343933106,"y":-0.6325815916061401,"z":3.1051740646362306},"rotation":{"x":-0.2407326102256775,"y":0.49282652139663699,"z":-0.14410173892974854,"w":-0.8236532211303711},"size":7.601263046264648,"orthographic":false}