{"cameraMode":{"drawMode":0,"name":"Shaded","section":"Shading Mode"},"sceneLighting":false,"audioPlay":false,"sceneViewState":{"showFog":true,"showMaterialUpdate":false,"showSkybox":true,"showFlares":true,"showImageEffects":true,"showParticleSystems":true},"in2DMode":false,"pivot":{"x":-5.895853042602539,"y":3.4970669746398927,"z":2.4979279041290285},"rotation":{"x":0.23843039572238923,"y":-0.6002278923988342,"z":0.1937999278306961,"w":0.7384572625160217},"size":22.23469352722168,"orthographic":false}