{"cameraMode":{"drawMode":0,"name":"Shaded","section":"Shading Mode"},"sceneLighting":false,"audioPlay":false,"sceneViewState":{"showFog":true,"showMaterialUpdate":true,"showSkybox":true,"showFlares":true,"showImageEffects":true,"showParticleSystems":true},"in2DMode":false,"pivot":{"x":-29.907743453979493,"y":3.13429594039917,"z":-6.443643569946289},"rotation":{"x":-0.005258637946099043,"y":0.9944803714752197,"z":-0.061547089368104938,"w":-0.08493293821811676},"size":23.33702278137207,"orthographic":false}