{"cameraMode":{"drawMode":0,"name":"Shaded","section":"Shading Mode"},"sceneLighting":true,"audioPlay":false,"sceneViewState":{"showFog":false,"showMaterialUpdate":false,"showSkybox":false,"showFlares":false,"showImageEffects":false,"showParticleSystems":false},"in2DMode":false,"pivot":{"x":-33.87958526611328,"y":4.020504474639893,"z":-1.1194941997528077},"rotation":{"x":-0.095924973487854,"y":0.5012118220329285,"z":-0.0560159794986248,"w":-0.8581904768943787},"size":7.698598384857178,"orthographic":false}