{"cameraMode":{"drawMode":0,"name":"Shaded","section":"Shading Mode"},"sceneLighting":false,"audioPlay":false,"sceneViewState":{"showFog":true,"showMaterialUpdate":false,"showSkybox":true,"showFlares":true,"showImageEffects":true,"showParticleSystems":true},"in2DMode":false,"pivot":{"x":-6.430961608886719,"y":0.867112934589386,"z":1.6884313821792603},"rotation":{"x":0.0067696338519454,"y":0.337636798620224,"z":0.002420774893835187,"w":-0.9412489533424377},"size":5.536386966705322,"orthographic":false}