{"cameraMode":{"drawMode":0,"name":"Shaded","section":"Shading Mode"},"sceneLighting":false,"audioPlay":false,"sceneViewState":{"showFog":true,"showMaterialUpdate":false,"showSkybox":true,"showFlares":true,"showImageEffects":true,"showParticleSystems":true},"in2DMode":false,"pivot":{"x":-0.04620160907506943,"y":-0.016816720366477968,"z":-0.008938819169998169},"rotation":{"x":0.3609422743320465,"y":0.012010839767754078,"z":-0.0046165999956429008,"w":0.9324994087219238},"size":0.9795874953269959,"orthographic":false}