{"cameraMode":{"drawMode":0,"name":"Shaded","section":"Shading Mode"},"sceneLighting":true,"audioPlay":false,"sceneViewState":{"showFog":false,"showMaterialUpdate":false,"showSkybox":false,"showFlares":false,"showImageEffects":false,"showParticleSystems":false},"in2DMode":false,"pivot":{"x":-9.590991973876954,"y":1.9455854892730713,"z":0.857150673866272},"rotation":{"x":-0.034148573875427249,"y":0.4943528473377228,"z":-0.0194582287222147,"w":-0.86837238073349},"size":4.779189109802246,"orthographic":false}