{"cameraMode":{"drawMode":0,"name":"Shaded","section":"Shading Mode"},"sceneLighting":false,"audioPlay":false,"sceneViewState":{"showFog":true,"showMaterialUpdate":false,"showSkybox":true,"showFlares":true,"showImageEffects":true,"showParticleSystems":true},"in2DMode":false,"pivot":{"x":0.001670000609010458,"y":0.008270001038908959,"z":-0.004539996385574341},"rotation":{"x":0.07363352179527283,"y":0.8226165771484375,"z":-0.1094636544585228,"w":0.5530804395675659},"size":0.3121350407600403,"orthographic":false}