{"cameraMode":{"drawMode":0,"name":"Shaded","section":"Shading Mode"},"sceneLighting":true,"audioPlay":false,"sceneViewState":{"showFog":false,"showMaterialUpdate":false,"showSkybox":false,"showFlares":false,"showImageEffects":false,"showParticleSystems":false},"in2DMode":false,"pivot":{"x":-21.710174560546876,"y":17.201717376708986,"z":-0.11485624313354492},"rotation":{"x":0.13923603296279908,"y":-0.8336893320083618,"z":0.24308991432189942,"w":0.4768170118331909},"size":17.807220458984376,"orthographic":false}