{"cameraMode":{"drawMode":0,"name":"Shaded","section":"Shading Mode"},"sceneLighting":true,"audioPlay":false,"sceneViewState":{"showFog":false,"showMaterialUpdate":false,"showSkybox":false,"showFlares":false,"showImageEffects":false,"showParticleSystems":false},"in2DMode":false,"pivot":{"x":-2.4800000190734865,"y":5.888919353485107,"z":-8.970000267028809},"rotation":{"x":0.0861094668507576,"y":-0.44481512904167178,"z":0.04289766028523445,"w":0.8908884525299072},"size":4.870840072631836,"orthographic":false}