{"cameraMode":{"drawMode":0,"name":"Shaded","section":"Shading Mode"},"sceneLighting":true,"audioPlay":true,"sceneViewState":{"showFog":true,"showMaterialUpdate":true,"showSkybox":true,"showFlares":true,"showImageEffects":true,"showParticleSystems":true},"in2DMode":false,"pivot":{"x":-4.6804375648498539,"y":2.1474976539611818,"z":-0.5123214721679688},"rotation":{"x":0.3167039155960083,"y":-0.45481324195861819,"z":0.1762329787015915,"w":0.8137224912643433},"size":10.630332946777344,"orthographic":false}