{"cameraMode":{"drawMode":0,"name":"Shaded","section":"Shading Mode"},"sceneLighting":false,"audioPlay":false,"sceneViewState":{"showFog":false,"showMaterialUpdate":false,"showSkybox":false,"showFlares":false,"showImageEffects":false,"showParticleSystems":false},"in2DMode":false,"pivot":{"x":1.3677029609680176,"y":-11.215408325195313,"z":113.2930679321289},"rotation":{"x":-0.08421435952186585,"y":-0.000840218155644834,"z":0.00006081192259443924,"w":-0.9964473247528076},"size":139.8400115966797,"orthographic":false}