{"cameraMode":{"drawMode":0,"name":"Shaded","section":"Shading Mode"},"sceneLighting":false,"audioPlay":false,"sceneViewState":{"showFog":true,"showMaterialUpdate":false,"showSkybox":true,"showFlares":true,"showImageEffects":true,"showParticleSystems":true},"in2DMode":false,"pivot":{"x":3.4662742614746095,"y":2.132922410964966,"z":-4.4166083335876469},"rotation":{"x":0.007468832656741142,"y":0.9762939214706421,"z":-0.0339934378862381,"w":0.2136324644088745},"size":2.1183013916015627,"orthographic":false}