{"cameraMode":{"drawMode":0,"name":"Shaded","section":"Shading Mode"},"sceneLighting":false,"audioPlay":false,"sceneViewState":{"showFog":true,"showMaterialUpdate":false,"showSkybox":true,"showFlares":true,"showImageEffects":true,"showParticleSystems":true},"in2DMode":false,"pivot":{"x":3.9637296199798586,"y":1.0159900188446046,"z":0.4843367338180542},"rotation":{"x":0.1186193898320198,"y":0.7286005020141602,"z":-0.13053978979587556,"w":0.6618384122848511},"size":3.643948554992676,"orthographic":false}