{"cameraMode":{"drawMode":0,"name":"Shaded","section":"Shading Mode"},"sceneLighting":true,"audioPlay":false,"sceneViewState":{"showFog":false,"showMaterialUpdate":false,"showSkybox":false,"showFlares":false,"showImageEffects":false,"showParticleSystems":false},"in2DMode":false,"pivot":{"x":-25.98024559020996,"y":3.5569489002227785,"z":6.237695217132568},"rotation":{"x":-0.0008561026188544929,"y":0.7324631810188294,"z":0.0008202898316085339,"w":0.6808056831359863},"size":7.5327653884887699,"orthographic":false}