{"cameraMode":{"drawMode":0,"name":"Shaded","section":"Shading Mode"},"sceneLighting":false,"audioPlay":false,"sceneViewState":{"showFog":true,"showMaterialUpdate":false,"showSkybox":true,"showFlares":true,"showImageEffects":true,"showParticleSystems":true},"in2DMode":false,"pivot":{"x":3.829792022705078,"y":1.7127430438995362,"z":0.06830050051212311},"rotation":{"x":-0.11585801094770432,"y":-0.6353639364242554,"z":0.09719382971525192,"w":-0.7572602033615112},"size":0.9052507877349854,"orthographic":false}